Estimated_Cost__Millions_,Estimated_Years_to_Complete,Bid_Price__Millions_,Sector,Region_of_Country,Number_of_Competitor_Bids,Competitor_A,Competitor_B,Competitor_C,Competitor_D,Competitor_E,Competitor_F,Competitor_G,Competitor_H,Competitor_I,Competitor_J,Win_Bid,Winning_Bid_Price__Millions_,Cost_After_Engineering_Estimate,Clust1,Clust2,Clust3,EstCostGroup,EstTimeGroup,SectClust
127.6,0.8,134.43,9,Northeast,17,1,1,0,0,1,1,0,0,0,1,Yes,134.43,290,1,1,1,Medium,Quick,9
126.8,0.27,142.76,5,Southeast,20,0,1,0,0,1,1,0,0,1,1,No,132.74,180,1,1,1,Medium,Quick,555
96.6,3.31,106.57,3,West,19,1,0,0,0,1,1,0,1,0,1,No,103.33,210,1,1,1,Low,Medium,3
195.8,2.75,216.9,7,West,6,0,1,1,0,0,1,0,0,0,1,Yes,216.9,350,1,0,1,Medium,Medium,7
403.8,5.93,436.42,10,Northeast,1,0,0,0,0,0,0,0,0,0,1,Yes,436.42,970,0,0,1,High,Long,10
125.2,1.3,138.46,3,Southwest,13,0,1,0,0,1,1,0,1,1,1,No,133.85,230,1,1,1,Medium,Medium,3
147.2,2.21,165.77,5,Northeast,11,0,1,0,0,1,1,0,0,1,1,No,162.37,260,1,1,1,Medium,Medium,555
207.6,8.74,227.02,5,Southwest,8,0,0,0,0,1,1,0,1,1,1,No,221.02,270,0,1,1,Medium,Long,555
146.8,5.97,161.34,8,Northeast,13,0,1,0,0,1,1,0,0,0,1,No,160.05,70,1,1,1,Medium,Long,8
210.4,5.26,228.2,3,Southwest,10,0,0,0,0,0,0,0,0,1,1,No,227.83,360,0,1,1,Medium,Long,3
125.2,1.92,139.68,10,Southeast,13,0,0,0,0,1,0,0,1,0,0,No,138.29,240,0,1,0,Medium,Medium,10
36.6,2,41.32,8,Northeast,15,1,1,0,0,1,0,0,1,1,0,No,39.04,70,1,1,0,Low,Medium,8
115.8,5.39,128.1,10,West,12,0,0,0,0,0,1,0,1,0,1,No,119.54,160,0,1,1,Medium,Long,10
137.6,3.28,153.45,10,West,16,0,1,0,0,1,1,0,0,0,1,No,145.99,70,1,1,1,Medium,Medium,10
71.8,1.01,79.01,10,West,11,0,0,0,0,1,1,0,1,0,1,No,78.15,120,0,1,1,Low,Medium,10
59.4,2.87,65.22,5,West,18,0,1,0,0,1,1,0,1,1,1,No,64.95,140,1,1,1,Low,Medium,555
113,1.35,128.55,9,Northeast,16,0,1,0,0,1,0,0,1,0,1,No,124.67,110,1,1,1,Medium,Medium,9
170.2,5.65,187.5,5,Southwest,11,0,0,0,0,1,1,0,0,1,1,No,175.37,430,0,1,1,Medium,Long,555
77.8,3.9,85.82,4,Mid-west,14,1,1,0,0,1,1,0,1,0,0,No,79.58,70,1,1,1,Low,Medium,555
139.6,6.17,154.7,9,West,14,0,1,1,0,1,1,0,0,0,0,No,152.42,350,1,1,1,Medium,Long,9
228.8,5.99,251.95,4,Northeast,7,0,1,0,1,1,0,0,0,0,0,No,242.78,210,1,1,0,Medium,Long,555
66.2,5.02,71.44,7,Southwest,14,0,1,0,0,0,0,1,1,0,1,No,70.7,110,1,1,1,Low,Long,7
80.8,0.67,87.16,4,West,17,0,1,0,0,1,0,0,1,0,0,No,84.91,150,1,1,0,Low,Quick,555
192.8,5.48,211.5,2,Southeast,10,0,1,0,0,1,1,0,0,1,1,No,204.03,170,1,1,1,Medium,Long,555
45,1.83,48.2,8,Southwest,15,1,1,0,0,1,1,1,1,0,0,No,48.2,90,1,1,1,Low,Medium,8
83.4,4.81,91.8,10,West,13,1,1,0,0,1,1,0,0,0,1,No,91.37,80,1,1,1,Low,Medium,10
291.4,7.88,315.79,10,Southeast,10,1,1,0,0,1,1,0,1,0,0,No,310.24,520,1,1,1,Medium,Long,10
207.6,8.02,230.03,9,Southwest,5,0,1,0,0,1,1,1,0,0,1,No,227.79,460,1,1,1,Medium,Long,9
94.8,0.14,102.86,7,Northeast,16,1,1,0,0,1,0,0,0,0,1,No,99.41,170,1,1,1,Low,Quick,7
158.2,4.82,172.65,7,Southwest,12,0,0,0,0,1,1,1,0,0,1,No,170.09,400,1,1,1,Medium,Medium,7
97,1.95,105.96,10,Northeast,13,1,1,0,0,0,1,0,1,0,1,No,101.81,240,1,1,1,Low,Medium,10
152.8,8.39,175.87,8,Southwest,16,0,0,0,0,1,1,1,0,0,0,No,161.84,110,1,1,1,Medium,Long,8
53.2,0.91,56.5,10,Northeast,11,1,1,0,0,0,0,0,1,0,1,No,56.12,60,1,1,1,Low,Quick,10
161.8,1.02,181.53,8,Northeast,14,0,1,0,0,0,1,0,1,0,1,No,175.34,210,1,1,1,Medium,Medium,8
94,1.12,107.7,10,Southwest,10,0,1,0,0,1,1,1,1,0,1,No,103.92,140,1,1,1,Low,Medium,10
159.2,3.52,177.57,3,Northeast,14,0,0,0,0,1,0,0,0,0,0,No,177.31,400,0,1,0,Medium,Medium,3
273,5.51,303.58,9,West,7,0,1,1,0,1,1,0,1,1,1,No,283.79,440,1,1,1,Medium,Long,9
241.4,4.32,264.04,3,Southwest,10,0,0,0,0,1,1,0,1,1,1,No,246.3,560,0,1,1,Medium,Medium,3
233.2,6.59,266.04,6,West,9,0,0,0,0,1,1,0,0,0,0,No,247.2,160,0,1,1,Medium,Long,555
202.2,6.13,218.97,7,West,9,0,1,1,0,1,1,0,0,0,1,Yes,218.97,120,1,1,1,Medium,Long,7
158.2,2.59,170.35,7,West,16,0,1,1,0,1,1,0,1,0,0,No,165.46,140,1,1,1,Medium,Medium,7
131.8,1.41,146.14,1,West,12,1,0,1,0,1,1,0,0,0,1,No,141.82,250,1,1,1,Medium,Medium,1
177.8,6.44,194.82,3,Southeast,12,1,1,0,0,1,0,0,1,1,0,No,194.25,280,1,1,0,Medium,Long,3
83.8,2.9,90.18,5,Southeast,11,1,1,0,0,1,0,0,0,1,1,No,90.17,130,1,1,1,Low,Medium,555
246.6,7.2,264.15,5,Northeast,6,0,1,0,0,1,0,0,0,0,0,Yes,264.15,220,1,1,0,Medium,Long,555
219.8,3.61,249.59,6,West,10,0,1,0,0,1,1,0,0,0,1,No,227.77,290,1,1,1,Medium,Medium,555
176,6.79,197.69,2,Northeast,9,0,1,0,1,1,1,0,1,1,0,No,193.71,330,1,1,1,Medium,Long,555
131,2.47,144.71,7,Southeast,17,1,1,0,0,1,0,0,0,1,1,No,142.54,140,1,1,1,Medium,Medium,7
95.4,4.19,98.32,3,Mid-west,18,1,1,0,0,1,1,0,1,0,1,No,97.89,220,1,1,1,Low,Medium,3
176.8,4.21,190.88,1,Northeast,14,1,0,0,1,1,1,0,0,0,1,No,190.77,340,1,1,1,Medium,Medium,1
88.8,1.44,97.46,4,Mid-west,13,1,1,0,0,1,1,0,1,0,0,No,91.72,180,1,1,1,Low,Medium,555
146.6,3.13,161.67,10,Mid-west,17,0,1,0,0,0,1,1,0,0,0,No,153.58,130,1,0,1,Medium,Medium,10
150,1.22,164.97,2,West,15,0,0,0,0,1,1,0,0,0,1,No,156.79,320,0,1,1,Medium,Medium,555
83.4,1.5,94.93,10,West,18,1,0,0,0,1,0,0,1,0,1,No,87.11,160,1,1,1,Low,Medium,10
199.8,5.61,219,3,Mid-west,12,1,0,0,0,1,1,0,0,0,1,No,212,260,1,1,1,Medium,Long,3
97,3.97,108,9,Northeast,18,0,1,0,0,1,0,0,1,0,0,No,102.08,70,1,1,0,Low,Medium,9
97.4,0.55,108.19,5,Mid-west,19,0,1,0,0,1,1,0,1,0,1,No,106.98,80,1,1,1,Low,Quick,555
53.4,0.77,57.33,8,West,11,0,1,0,0,0,1,0,0,0,0,Yes,57.33,70,1,0,1,Low,Quick,8
46,0.2,49.77,9,West,15,1,0,1,0,1,1,0,1,0,1,No,49,40,1,1,1,Low,Quick,9
107,6.15,116.13,8,Southeast,13,0,1,0,0,1,0,0,1,0,0,No,114.56,60,1,1,0,Medium,Long,8
43.4,2.66,47.98,10,Southeast,16,1,1,0,0,0,1,0,1,0,1,No,47.36,70,1,1,1,Low,Medium,10
325.4,9.22,356.46,8,West,2,0,1,0,0,0,0,0,1,0,0,Yes,356.46,590,1,1,0,High,Long,8
143.4,4.08,162.28,2,Northeast,14,0,1,0,1,1,1,0,0,0,0,No,154.46,360,1,1,1,Medium,Medium,555
226.2,5.15,243.32,2,Southwest,13,0,1,0,0,1,1,0,0,1,0,No,236.66,570,1,1,1,Medium,Long,555
94.8,2.75,103.59,5,West,19,1,0,0,0,1,1,0,1,0,0,No,102.99,170,1,1,1,Low,Medium,555
186.6,3.79,204.37,6,Southwest,10,0,0,0,0,1,1,1,1,0,1,No,197.84,370,1,1,1,Medium,Medium,555
85.6,3.88,94.78,2,Southeast,17,0,1,0,0,1,1,0,1,1,1,No,90.91,90,1,1,1,Low,Medium,555
35,2.09,39.61,4,West,13,0,0,0,0,1,1,0,1,0,0,No,38.3,30,0,1,1,Low,Medium,555
129.2,0.38,142.64,3,Northeast,13,1,1,0,1,1,0,0,0,0,1,No,132.99,270,1,1,1,Medium,Quick,3
36.4,5.21,40.96,3,West,13,1,1,0,0,1,1,0,0,0,1,No,38.26,30,1,1,1,Low,Long,3
74.8,3.59,81.38,7,Northeast,13,0,1,0,0,1,1,0,1,0,1,No,79.61,130,1,1,1,Low,Medium,7
299.8,9.37,328.85,8,West,8,0,1,0,0,1,0,0,0,0,0,Yes,328.85,750,1,1,0,Medium,Long,8
83.6,0.72,91.4,1,Northeast,14,1,1,0,1,1,0,0,1,0,1,No,89.38,80,1,1,1,Low,Quick,1
465,10.39,516.33,4,Southeast,5,0,1,0,0,1,1,0,1,0,0,No,496.35,930,1,1,1,High,Long,555
113.2,5.63,125.33,2,Southeast,12,1,1,0,0,1,0,0,1,1,0,No,122.11,170,1,1,0,Medium,Long,555
125.4,3.14,140.15,9,Northeast,15,1,0,0,0,1,1,0,0,0,1,No,131.57,240,1,1,1,Medium,Medium,9
63,3.15,70.78,3,West,17,1,0,0,0,1,1,0,1,1,0,No,67.05,40,1,1,1,Low,Medium,3
56,5.11,60.48,2,Northeast,22,0,1,0,1,1,0,0,0,0,1,No,60.24,120,1,1,1,Low,Long,555
372,6.25,395.96,6,Mid-west,4,0,1,0,0,1,1,0,1,0,0,No,393.14,820,1,1,1,High,Long,555
177,3.29,196.48,2,West,8,0,1,0,0,0,1,0,0,0,0,Yes,196.48,180,1,0,1,Medium,Medium,555
143,3.01,157.84,10,Southeast,14,0,1,0,0,1,0,0,0,0,0,No,151.64,190,1,1,0,Medium,Medium,10
154.8,1.65,168.68,3,Northeast,12,0,1,0,1,1,0,0,0,0,1,No,166.74,370,1,1,1,Medium,Medium,3
287.6,10.09,308.92,3,Southwest,2,0,0,0,0,1,0,0,1,0,0,Yes,308.92,350,0,1,0,Medium,Long,3
141.4,2.2,159.99,3,Southeast,12,0,1,0,0,1,1,0,0,1,1,No,149.26,170,1,1,1,Medium,Medium,3
104.2,2.59,115.86,6,Southeast,14,0,0,0,0,1,1,0,1,0,0,No,115.07,60,0,1,1,Medium,Medium,555
145.4,3.39,155.35,1,Southwest,15,0,0,0,0,1,0,0,0,1,1,No,152.89,120,0,1,1,Medium,Medium,1
206,15.25,225.2,1,Southwest,11,1,1,0,0,0,1,0,0,1,1,No,217.75,140,1,1,1,Medium,Long,1
207.6,6.68,234.05,4,Northeast,7,0,1,0,1,1,0,0,0,0,0,No,217.55,310,1,1,0,Medium,Long,555
139.2,4.17,158.62,6,Northeast,11,1,1,0,0,1,0,0,0,0,0,No,145.98,310,1,1,0,Medium,Medium,555
129.2,3.86,142.86,4,West,17,0,0,0,0,1,1,0,0,0,1,No,136.06,160,0,1,1,Medium,Medium,555
94.8,6.35,104.3,9,West,14,0,1,1,0,1,1,0,1,0,1,No,99.43,220,1,1,1,Low,Long,9
67.2,2.44,71.95,6,Southeast,17,0,1,0,0,1,0,0,1,0,1,No,71.16,90,1,1,1,Low,Medium,555
101.4,4.08,111.89,8,West,18,0,1,0,0,1,1,0,1,0,0,No,108.94,170,1,1,1,Medium,Medium,8
163.2,3.6,179.02,2,Southwest,11,1,1,0,0,1,1,0,0,1,0,No,173.34,390,1,1,1,Medium,Medium,555
170.6,6.38,188.02,9,West,14,0,1,1,0,1,1,0,0,1,1,No,185.61,340,1,1,1,Medium,Long,9
109.2,2.79,123.13,8,Southeast,17,0,1,0,0,0,0,0,1,0,0,No,118.76,260,1,1,0,Medium,Medium,8
161,8.49,176.2,1,Northeast,14,1,0,0,1,1,1,0,1,0,1,No,169.55,320,1,1,1,Medium,Long,1
195.8,7.3,214.34,1,Mid-west,10,1,0,0,0,1,1,0,0,0,1,No,209.27,330,1,1,1,Medium,Long,1
100,1.4,108.54,7,Mid-west,16,0,1,0,0,1,1,1,1,0,1,No,106.14,200,1,1,1,Medium,Medium,7
107,0.46,117.55,1,Northeast,20,1,1,0,1,1,0,0,1,0,1,No,116.19,50,1,1,1,Medium,Quick,1
271.4,6.65,301.38,5,West,7,0,1,0,0,1,1,0,0,0,1,No,294.57,410,1,1,1,Medium,Long,555
148.6,1.45,165.52,7,West,12,0,1,1,0,1,1,0,1,1,1,No,161.38,340,1,1,1,Medium,Medium,7
65.4,1.5,72.77,7,Northeast,24,1,1,0,0,1,1,0,1,0,0,No,69.13,130,1,1,1,Low,Medium,7
100.6,0.04,115.32,4,Northeast,17,1,1,0,1,0,1,0,1,0,0,No,110.92,60,1,1,1,Medium,Quick,555
429,11.85,490.82,4,Southeast,1,1,0,0,0,0,0,0,0,0,0,Yes,490.82,1070,1,0,0,High,Long,555
109.4,2.16,120.32,2,Northeast,12,0,1,0,1,1,1,0,1,1,1,No,113.77,220,1,1,1,Medium,Medium,555
116.4,1.97,129.52,7,West,10,0,1,0,0,1,1,0,0,0,1,No,123.19,80,1,1,1,Medium,Medium,7
233.6,2.11,251.11,7,West,7,0,1,1,0,0,1,0,0,0,1,Yes,251.11,160,1,0,1,Medium,Medium,7
137.4,2.23,151.93,9,Mid-west,12,1,1,0,0,1,1,1,0,1,1,No,147.64,160,1,1,1,Medium,Medium,9
190.2,5.52,206.39,8,Northeast,12,0,1,0,0,1,0,0,1,0,1,No,203.34,250,1,1,1,Medium,Long,8
222.8,0.04,245.8,6,Southeast,6,0,1,0,0,1,0,0,0,0,1,No,241.92,200,1,1,1,Medium,Quick,555
388.6,11.84,422.86,4,Southwest,5,0,1,0,0,1,1,0,0,0,1,No,418.18,540,1,1,1,High,Long,555
138.8,1.77,149.22,4,Southeast,15,1,1,0,0,1,0,0,0,1,0,No,146.03,70,1,1,0,Medium,Medium,555
121,3.36,138.66,5,Southwest,12,0,1,0,0,1,1,0,1,1,1,No,127.74,230,1,1,1,Medium,Medium,555
102.6,2.5,114.52,4,Southeast,17,0,1,0,0,1,0,0,1,0,0,No,108.54,250,1,1,0,Medium,Medium,555
238.4,10.94,254.46,3,Northeast,3,0,1,0,1,1,0,0,0,0,0,Yes,254.46,360,1,1,0,Medium,Long,3
63.8,2.7,70.54,5,Southwest,8,0,1,0,0,1,1,0,1,1,1,No,69.89,150,1,1,1,Low,Medium,555
219.2,7.58,242.24,5,Northeast,9,1,1,0,0,1,0,0,0,0,1,No,234.58,260,1,1,1,Medium,Long,555
125,0.12,135.24,4,Southeast,14,1,1,0,0,1,0,0,1,1,0,No,134.28,210,1,1,0,Medium,Quick,555
91.8,6.92,102.58,3,Southeast,15,1,1,0,0,1,0,0,0,1,1,No,100.92,80,1,1,1,Low,Long,3
108.6,5.2,119.42,5,West,12,0,0,0,0,1,1,0,1,0,1,No,117.28,150,0,1,1,Medium,Long,555
394,11.71,450.29,7,West,3,0,1,0,0,0,1,0,0,0,1,Yes,450.29,280,1,0,1,High,Long,7
134,0.16,148.53,9,West,17,0,0,1,0,1,1,0,0,0,1,No,146.1,200,0,1,1,Medium,Quick,9
267.8,8.02,291.17,1,Northeast,9,0,0,0,1,1,0,0,0,0,0,Yes,291.17,670,1,1,0,Medium,Long,1
168,6.19,192.22,3,Northeast,13,1,0,0,1,1,1,0,0,0,1,No,179.15,120,1,1,1,Medium,Long,3
156.4,7.44,169.43,4,Northeast,10,0,1,0,1,1,0,0,1,0,0,No,165.03,270,1,1,0,Medium,Long,555
99.6,1.72,108.84,2,West,14,0,1,0,0,1,1,0,1,0,1,No,108.81,110,1,1,1,Low,Medium,555
176.6,7.4,193.55,5,Mid-west,11,1,1,0,0,1,1,0,0,0,1,No,188.82,190,1,1,1,Medium,Long,555
203,6.14,218.39,4,Northeast,8,0,1,0,1,0,1,0,0,0,0,No,218.08,140,1,0,1,Medium,Long,555
192.6,0.82,211.21,2,Southwest,11,0,0,0,0,1,1,0,1,1,1,No,201.69,270,0,1,1,Medium,Quick,555
294.2,9.73,323.13,3,West,10,0,1,0,0,1,1,0,0,0,1,No,307.9,620,1,1,1,Medium,Long,3
356.8,8.44,400.15,2,Southwest,1,0,0,0,0,1,0,0,0,0,0,Yes,400.15,180,0,1,0,High,Long,555
251.4,5.8,278.51,3,Southeast,4,0,1,0,0,1,0,0,1,0,0,Yes,278.51,230,1,1,0,Medium,Long,3
214.2,3.09,237.59,1,Southwest,12,0,1,0,0,1,1,0,1,1,1,No,225.49,240,1,1,1,Medium,Medium,1
380.6,11.62,402.59,3,Mid-west,4,1,1,0,0,1,0,0,0,0,1,Yes,402.59,530,1,1,1,High,Long,3
113.4,9.42,122.89,7,West,10,0,1,1,0,1,1,0,1,0,1,No,118.86,270,1,1,1,Medium,Long,7
153.8,2.66,170.37,8,West,17,0,1,0,0,1,1,0,0,0,1,No,166.57,250,1,1,1,Medium,Medium,8
248.6,4.98,266.8,10,Southeast,8,1,1,0,0,1,1,0,0,0,0,Yes,266.8,600,1,1,1,Medium,Medium,10
139,0.99,156.72,1,Mid-west,14,0,1,0,0,1,1,0,1,0,1,No,150.66,190,1,1,1,Medium,Quick,1
140.8,5.49,164.18,9,Southwest,9,0,1,0,0,0,1,1,1,0,1,No,156.38,210,1,1,1,Medium,Long,9
151,3.74,167.02,1,Southwest,10,1,1,0,0,1,1,0,0,1,1,No,159.99,90,1,1,1,Medium,Medium,1
132,0.21,145.82,6,Southwest,16,0,0,0,0,1,1,1,0,0,0,No,140.22,250,1,1,1,Medium,Quick,555
119.6,3.27,129.03,6,Northeast,11,0,1,0,0,1,1,0,1,0,0,No,126.19,170,1,1,1,Medium,Medium,555
22.6,0.84,24.87,4,Mid-west,21,1,1,0,0,0,1,0,1,0,0,No,23.32,50,1,1,1,Low,Quick,555
59.4,4.19,63.21,7,Southeast,16,0,1,0,0,1,0,0,1,0,1,No,62.28,110,1,1,1,Low,Medium,7
147.4,7.6,159.97,5,Southeast,11,0,1,0,0,1,0,0,0,1,0,No,155.63,250,1,1,0,Medium,Long,555
95.2,3.94,104.65,2,Northeast,16,0,1,0,1,1,1,0,1,0,0,No,102.16,80,1,1,1,Low,Medium,555
87.4,1.97,96.97,3,West,13,0,1,0,0,1,1,0,0,0,1,No,91.16,150,1,1,1,Low,Medium,3
84,2.11,89.61,10,West,14,1,0,0,0,1,1,0,0,0,1,No,87.84,190,1,1,1,Low,Medium,10
147,4.01,161.62,3,West,16,1,1,0,0,1,0,0,0,0,0,No,154.03,260,1,1,0,Medium,Medium,3
281.6,7.05,321.26,3,Northeast,5,0,1,0,1,1,1,0,0,0,1,No,296.64,250,1,1,1,Medium,Long,3
295.6,11.61,326.89,3,West,6,0,0,0,0,1,1,0,0,0,1,Yes,326.89,240,0,1,1,Medium,Long,3
289,4.1,323.75,9,West,3,1,1,0,0,0,0,0,0,0,1,Yes,323.75,320,1,0,1,Medium,Medium,9
192.2,5.62,208.18,10,Northeast,8,1,1,0,0,1,1,0,1,0,1,No,205.35,290,1,1,1,Medium,Long,10
109.8,1.38,122.74,7,Northeast,10,0,1,0,0,1,0,0,0,0,1,No,117.21,120,1,1,1,Medium,Medium,7
401,6.13,437.36,1,Northeast,6,1,1,0,1,1,0,0,0,1,1,Yes,437.36,480,1,1,1,High,Long,1
308,3.37,344.97,5,West,7,0,0,0,0,0,1,0,0,1,0,No,326.11,740,0,1,1,High,Medium,555
162,4.44,178.2,10,West,15,0,1,0,0,0,1,0,0,0,1,No,177.81,240,1,0,1,Medium,Medium,10
85.8,1.57,94.75,6,Southeast,14,1,1,0,0,1,0,0,0,0,0,No,91.71,210,1,1,0,Low,Medium,555
274.8,4.74,305.31,3,Southwest,9,0,1,0,0,1,1,0,1,0,1,No,299.58,490,1,1,1,Medium,Medium,3
152,4.7,166.24,4,Northeast,15,1,0,0,1,1,0,0,0,0,0,No,159.88,150,1,1,0,Medium,Medium,555
269,5.78,296.9,5,Northeast,5,0,0,0,0,0,1,0,0,0,1,No,269.54,650,0,0,1,Medium,Long,555
211,6.42,239.1,3,West,5,0,1,0,0,0,1,0,1,0,1,No,223.49,460,1,1,1,Medium,Long,3
203.6,3.35,228.45,5,Southeast,8,0,1,0,0,1,0,0,0,1,1,No,210.84,290,1,1,1,Medium,Medium,555
245.6,5.86,271.32,10,Southeast,13,0,1,0,0,1,1,0,0,0,1,No,266.94,370,1,1,1,Medium,Long,10
141.8,5.01,155.69,7,Northeast,13,0,1,0,0,1,0,0,0,0,1,No,153.56,130,1,1,1,Medium,Long,7
79.2,1.87,87.85,3,Northeast,17,1,1,0,1,1,1,0,0,0,1,No,84.62,130,1,1,1,Low,Medium,3
281,6.75,305.32,6,Northeast,10,0,1,0,0,1,0,0,0,1,0,No,304.07,200,1,1,0,Medium,Long,555
97.4,1.79,108.55,3,Northeast,14,1,1,0,1,0,0,0,1,0,1,No,104.34,70,1,1,1,Low,Medium,3
228.6,8.49,256.45,10,Northeast,8,0,1,0,0,1,0,0,0,0,1,No,244.25,270,1,1,1,Medium,Long,10
98.8,1.53,111.18,5,West,17,0,1,0,0,1,1,0,0,0,1,No,108.32,80,1,1,1,Low,Medium,555
214.6,10.93,236.54,6,Southeast,6,0,0,0,0,1,0,0,0,0,1,No,229.03,170,0,1,1,Medium,Long,555
148.4,6.48,161.39,2,Northeast,19,0,1,0,1,0,0,0,1,0,0,No,159.26,360,1,1,0,Medium,Long,555
56.6,0.26,61.43,4,Northeast,15,0,1,0,1,1,0,0,1,0,0,No,60.55,130,1,1,0,Low,Quick,555
110.2,1.9,122.63,3,Southwest,19,0,0,0,0,1,1,0,0,1,1,No,119.9,60,0,1,1,Medium,Medium,3
199.6,2.41,206.84,8,Northeast,6,1,1,0,0,1,0,0,0,1,0,Yes,206.84,140,1,1,0,Medium,Medium,8
314.6,11.22,338.65,7,West,7,1,0,0,0,1,1,0,0,0,1,Yes,338.65,410,1,1,1,High,Long,7
191,1.2,214.85,6,Northeast,4,0,1,0,0,1,1,0,0,0,0,No,203.34,480,1,1,1,Medium,Medium,555
138.2,6.18,147.42,10,Southwest,6,1,0,0,0,0,1,1,0,0,1,Yes,147.42,290,1,0,1,Medium,Long,10
153.6,1.49,174.96,9,West,11,1,1,1,0,1,1,0,1,0,1,No,167.31,380,1,1,1,Medium,Medium,9
181.6,4.99,197.67,10,Northeast,10,1,1,0,0,0,1,0,0,0,0,Yes,197.67,360,1,0,1,Medium,Medium,10
164.2,4.36,180.38,3,Northeast,15,0,1,0,1,1,0,0,1,0,1,No,174.27,200,1,1,1,Medium,Medium,3
178.4,7.53,196.6,1,Northeast,12,1,1,0,1,1,1,0,0,0,1,No,192.65,390,1,1,1,Medium,Long,1
31.2,1.7,35.52,2,Southeast,19,1,1,0,0,1,1,0,1,0,0,No,33.07,20,1,1,1,Low,Medium,555
81.2,4.35,91.71,10,Southeast,19,1,1,0,0,0,1,0,1,0,1,No,85.49,60,1,1,1,Low,Medium,10
295.6,8.22,320.07,8,Southeast,5,1,1,0,0,1,1,0,1,0,0,Yes,320.07,440,1,1,1,Medium,Long,8
119,4.2,132.65,7,Northeast,11,0,1,0,0,1,0,0,1,1,1,No,129.57,130,1,1,1,Medium,Medium,7
119,0.56,128.95,1,Southeast,13,1,0,0,0,1,1,0,1,1,0,Yes,128.95,130,1,1,1,Medium,Quick,1
79.8,1.94,87.65,6,West,11,0,1,0,0,1,1,0,1,0,1,No,85.7,190,1,1,1,Low,Medium,555
396.8,12.34,435.42,9,Mid-west,4,0,1,0,0,1,1,0,0,0,1,No,428.16,830,1,1,1,High,Long,9
195.6,5.27,206.95,3,West,14,0,0,0,0,1,0,0,0,1,1,Yes,206.95,100,0,1,1,Medium,Long,3
274.6,5.49,289.49,1,Southeast,5,0,1,0,0,1,1,0,0,0,1,Yes,289.49,410,1,1,1,Medium,Long,1
92.6,1.82,101.22,7,West,19,1,0,1,0,1,1,0,0,0,1,No,97.6,60,1,1,1,Low,Medium,7
84.2,2.11,90.87,7,West,16,0,1,1,0,1,1,0,1,0,1,No,86.88,210,1,1,1,Low,Medium,7
233.2,5.92,258.15,10,Northeast,8,0,1,0,0,0,0,0,1,0,1,No,248.92,280,1,1,1,Medium,Long,10
229.6,6.17,252.59,1,Southeast,16,1,1,0,0,1,1,0,1,1,1,No,247.75,280,1,1,1,Medium,Long,1
94.8,0.92,106.26,5,Northeast,15,1,1,0,0,1,0,0,1,0,1,No,101.33,50,1,1,1,Low,Quick,555
249.4,10.05,272,5,West,5,0,1,0,0,1,1,0,0,0,1,No,260.51,520,1,1,1,Medium,Long,555
132.2,1.88,146.75,3,Northeast,16,1,1,0,1,1,0,0,0,0,0,No,140.97,80,1,1,0,Medium,Medium,3
190.2,0.2,217.16,8,Southeast,13,0,1,0,0,0,0,0,0,0,0,No,206.94,320,1,0,0,Medium,Quick,8
184.2,3.51,197.57,7,Northeast,8,1,1,0,0,1,1,0,0,0,1,No,193.27,90,1,1,1,Medium,Medium,7
105.2,2.52,114.78,2,Southeast,20,0,1,0,0,1,0,0,0,1,1,No,113.4,70,1,1,1,Medium,Medium,555
174,5,193.21,9,Southwest,8,0,1,0,0,0,1,1,0,0,1,No,187.53,280,1,0,1,Medium,Long,9
101.4,2.61,111.84,4,West,12,0,0,0,0,1,1,0,1,0,1,No,110.68,80,0,1,1,Medium,Medium,555
129.4,2.03,145.54,5,Southwest,7,0,1,0,0,1,1,0,1,1,1,No,142.31,60,1,1,1,Medium,Medium,555
189.8,4.44,208.41,10,Northeast,12,1,1,0,0,0,0,0,0,1,1,No,201.23,90,1,1,1,Medium,Medium,10
117.4,3.36,127.06,6,Southwest,12,0,1,0,0,1,1,1,1,0,1,No,123.73,230,1,1,1,Medium,Medium,555
88,4.1,94.8,5,Southeast,18,1,1,0,0,0,1,0,1,1,1,No,93.84,110,1,1,1,Low,Medium,555
68.2,0.38,72.61,3,West,19,1,0,0,0,1,1,0,1,0,1,No,71.99,160,1,1,1,Low,Quick,3
377.8,7.95,411.76,4,Southeast,3,0,1,0,0,1,0,0,1,0,0,Yes,411.76,830,1,1,0,High,Long,555
219.6,5.57,240.23,10,West,6,1,1,0,0,1,1,0,0,0,1,Yes,240.23,530,1,1,1,Medium,Long,10
157.8,1.29,171.13,10,Mid-west,10,0,1,0,0,0,1,1,1,0,0,No,166.58,110,1,1,1,Medium,Medium,10
113.2,7.99,119.95,9,West,8,0,0,1,0,1,1,0,0,0,0,Yes,119.95,260,0,1,1,Medium,Long,9
192.2,4.01,217.41,1,West,6,1,1,1,0,1,0,0,1,0,1,Yes,217.41,380,1,1,1,Medium,Medium,1
134.4,2.31,143.1,2,West,13,0,0,0,0,1,1,0,1,0,1,No,141.11,270,0,1,1,Medium,Medium,555
199.8,4.23,221.69,3,Northeast,6,1,1,0,1,1,1,0,0,0,1,No,209.7,360,1,1,1,Medium,Medium,3
79.4,0.67,83.82,10,Northeast,15,1,1,0,0,1,1,0,1,0,0,No,83.07,80,1,1,1,Low,Quick,10
325.8,10.88,362.67,5,West,1,0,1,0,0,0,0,0,0,0,0,Yes,362.67,680,1,0,0,High,Long,555
313,12.24,335.56,10,Mid-west,5,0,1,0,0,1,1,0,1,0,1,No,335.45,340,1,1,1,High,Long,10
249.8,4.57,274.77,7,West,7,0,1,1,0,1,1,0,0,0,1,No,269.88,150,1,1,1,Medium,Medium,7
101.8,1.18,115.92,6,Northeast,19,0,1,0,0,1,0,0,0,0,0,No,107.3,140,1,1,0,Medium,Medium,555
61,3.45,66.77,1,Southeast,13,1,1,0,0,0,1,0,1,0,1,No,66.47,150,1,1,1,Low,Medium,1
267.2,9.06,287.33,10,Southeast,4,1,1,0,0,0,1,0,0,0,1,Yes,287.33,130,1,0,1,Medium,Long,10
63.8,1.47,69.05,9,Southeast,19,0,1,0,0,1,0,0,1,0,1,No,67.28,130,1,1,1,Low,Medium,9
126.4,3.62,142.74,5,West,11,0,1,0,0,0,1,0,0,1,1,No,134.2,200,1,1,1,Medium,Medium,555
143.6,2.03,154.45,10,West,15,0,1,0,0,1,1,0,0,0,1,No,153.29,170,1,1,1,Medium,Medium,10
89.8,2.23,99.26,6,Southeast,21,1,1,0,0,1,1,0,1,0,0,No,95.76,130,1,1,1,Low,Medium,555
373.2,7.62,405.21,3,Northeast,1,0,1,0,0,0,0,0,0,0,0,Yes,405.21,860,1,0,0,High,Long,3
117.2,6.33,129.04,1,Southeast,15,1,1,0,0,1,1,0,0,1,1,No,127.63,190,1,1,1,Medium,Long,1
173.4,3.5,191.26,9,Southwest,11,0,1,0,0,0,1,1,0,0,1,No,184.02,430,1,0,1,Medium,Medium,9
171.2,7.34,184.81,2,Southeast,15,0,1,0,0,1,0,0,0,1,1,No,183.61,240,1,1,1,Medium,Long,555
77,1.21,82.68,9,Northeast,18,1,0,0,0,1,1,0,1,0,1,No,82.46,150,1,1,1,Low,Medium,9
272.8,4.95,302.8,7,West,7,0,0,1,0,1,1,0,1,0,1,No,300.78,220,0,1,1,Medium,Medium,7
191.4,3.54,216.04,1,Northeast,6,1,1,0,1,1,1,0,0,0,1,No,203.23,380,1,1,1,Medium,Medium,1
110.6,8.12,119.08,1,Northeast,10,1,1,0,1,1,0,0,1,0,1,No,117.06,270,1,1,1,Medium,Long,1
110,1.31,120.58,8,Northeast,15,1,1,0,0,1,0,0,1,0,1,No,115.19,250,1,1,1,Medium,Medium,8
167.6,5.32,185.82,4,Mid-west,10,0,1,0,0,1,1,0,0,0,0,No,181.23,80,1,1,1,Medium,Long,555
73,2.67,79.64,4,Southeast,10,1,1,0,0,1,1,0,1,1,1,No,77.15,120,1,1,1,Low,Medium,555
168.6,3.8,184.78,5,Southeast,15,1,1,0,0,1,1,0,1,1,1,No,182.41,420,1,1,1,Medium,Medium,555
145,5.66,165.21,7,Mid-west,14,0,1,0,0,1,1,1,0,0,0,No,161.48,170,1,1,1,Medium,Long,7
147.4,2.54,161.72,3,Southwest,13,0,0,0,0,1,1,0,1,1,1,No,158.55,150,0,1,1,Medium,Medium,3
143,1.84,158.29,3,Southeast,18,0,1,0,0,1,0,0,0,1,1,No,150.99,360,1,1,1,Medium,Medium,3
178.8,1,191.77,4,Southeast,12,1,1,0,0,1,0,0,0,1,0,No,189.72,250,1,1,0,Medium,Medium,555
110.4,3.86,118.58,8,Southeast,14,1,1,0,0,0,1,0,1,1,0,No,115.76,250,1,1,1,Medium,Medium,8
209.2,5.99,232.04,4,Southwest,9,0,1,0,0,1,1,0,1,1,1,No,227.97,150,1,1,1,Medium,Long,555
73.6,1.8,82.16,4,Southeast,13,1,1,0,0,1,0,0,1,1,1,No,77.84,120,1,1,1,Low,Medium,555
265.2,6.56,294.74,6,West,3,0,1,0,0,1,1,0,0,0,0,No,277.18,530,1,1,1,Medium,Long,555
102.4,3.59,114,4,Southeast,13,1,1,0,0,1,0,0,1,1,0,No,109.72,240,1,1,0,Medium,Medium,555
309.2,9.48,325.12,6,Southeast,5,0,1,0,0,1,1,0,0,1,1,No,324.29,310,1,1,1,High,Long,555
131.4,5.09,140.96,7,Mid-west,11,0,1,0,0,1,1,1,0,0,1,No,140.64,110,1,1,1,Medium,Long,7
181.4,3.36,196.77,1,Northeast,11,0,1,0,1,1,0,0,0,0,1,No,195.99,420,1,1,1,Medium,Medium,1
159.6,1.82,175.31,9,Northeast,13,0,1,0,0,1,0,0,1,0,1,No,166.59,320,1,1,1,Medium,Medium,9
168.6,1.28,185.21,2,Mid-west,12,0,1,0,0,1,1,0,1,0,0,No,182.18,80,1,1,1,Medium,Medium,555
324.4,9.61,346.18,4,West,0,0,0,0,0,0,0,0,0,0,0,Yes,346.18,550,0,0,0,High,Long,555
159.6,5.63,181.13,2,Southeast,17,1,1,0,0,1,1,0,1,1,0,No,165.19,240,1,1,1,Medium,Long,555
210.6,4.81,231.99,9,Northeast,12,0,1,0,0,1,0,0,0,0,1,No,222.63,480,1,1,1,Medium,Medium,9
105.8,2.37,119.03,2,Southeast,15,0,1,0,0,1,0,0,1,1,0,No,110.16,190,1,1,0,Medium,Medium,555
190.8,6.56,212.04,3,Southeast,11,1,1,0,0,1,0,0,1,1,0,No,204.83,130,1,1,0,Medium,Long,3
71.4,3.28,77,5,Southeast,14,1,1,0,0,1,0,0,0,1,1,No,74.24,180,1,1,1,Low,Medium,555
140.8,2.89,159.46,3,Mid-west,12,1,1,0,0,0,1,0,0,0,0,No,154.46,340,1,0,1,Medium,Medium,3
116,0.67,127.26,4,Southeast,14,1,1,0,0,1,0,0,1,1,0,No,121.78,190,1,1,0,Medium,Quick,555
41.6,3.79,45.83,6,Southwest,20,0,1,0,0,1,1,1,1,1,0,No,44.23,100,1,1,1,Low,Medium,555
135.2,1.85,149.95,10,Mid-west,14,0,1,0,0,1,1,1,0,0,0,No,146.75,90,1,1,1,Medium,Medium,10
166.8,3.62,181.5,4,Northeast,14,1,1,0,1,1,1,0,0,0,1,No,174,170,1,1,1,Medium,Medium,555
241.2,5.35,262.94,1,Southwest,7,0,0,0,0,1,1,0,0,0,1,No,254.97,530,0,1,1,Medium,Long,1
178.4,2.77,195.15,5,West,10,0,1,0,0,0,1,0,0,0,1,No,192.61,160,1,0,1,Medium,Medium,555
64.4,2.01,70.96,10,Mid-west,18,1,1,0,0,0,1,1,0,1,1,No,68.56,130,1,1,1,Low,Medium,10
115.6,3.86,124.48,6,Southwest,15,0,0,0,0,1,1,1,0,0,0,No,124.03,160,1,1,1,Medium,Medium,555
180.4,1.06,198.58,8,Northeast,11,1,1,0,0,1,1,0,0,0,0,No,187.87,400,1,1,1,Medium,Medium,8
83.6,0.58,95.76,4,West,21,0,1,0,0,1,1,0,1,1,0,No,83.37,80,1,1,1,Low,Quick,555
73.8,0.48,82.65,3,Northeast,16,1,1,0,1,1,1,0,1,0,0,No,80.17,90,1,1,1,Low,Quick,3
93.8,2.37,100.47,6,Southwest,23,1,1,0,0,1,1,1,1,1,1,No,99.87,120,1,1,1,Low,Medium,555
105,4.82,118.29,8,Northeast,13,1,1,0,0,1,0,0,0,0,0,No,111.35,230,1,1,0,Medium,Medium,8
162.4,10.17,180.91,7,Southeast,11,1,1,0,0,1,0,0,1,0,1,No,169.7,130,1,1,1,Medium,Long,7
54.2,2.21,59.19,9,Northeast,21,0,1,0,0,1,0,0,1,0,1,No,57.27,140,1,1,1,Low,Medium,9
132.6,6.67,143.48,8,Northeast,14,1,1,0,0,1,0,0,1,0,0,No,138.12,130,1,1,0,Medium,Long,8
151,0.45,168.2,4,Northeast,13,1,1,0,1,1,1,0,0,0,1,No,165.42,380,1,1,1,Medium,Quick,555
104.4,2.66,113.67,4,West,16,0,0,0,0,1,1,0,1,0,0,No,113.22,100,0,1,1,Medium,Medium,555
96.8,4.86,108.15,10,Mid-west,19,1,1,0,0,1,1,1,0,0,1,No,105.77,200,1,1,1,Low,Medium,10
238,8.16,261.52,9,Southeast,7,0,1,0,0,0,0,0,1,0,1,Yes,261.52,260,1,1,1,Medium,Long,9
97.6,0.1,108.7,5,West,13,0,0,0,0,1,1,0,0,0,1,No,107.39,100,0,1,1,Low,Quick,555
109.2,2.08,124.19,4,Southwest,12,0,1,0,0,1,1,0,1,1,1,No,120.54,90,1,1,1,Medium,Medium,555
238.2,5.32,266.18,10,Northeast,13,0,1,0,0,1,0,0,0,1,1,No,263.31,500,1,1,1,Medium,Long,10
186.2,7.11,205.58,1,Southeast,5,1,1,0,0,1,0,0,0,1,1,Yes,205.58,150,1,1,1,Medium,Long,1
189.2,2.14,205.09,3,Northeast,15,1,1,0,1,1,0,0,0,0,0,Yes,205.09,110,1,1,0,Medium,Medium,3
181.2,2.89,197.98,9,Northeast,11,0,1,0,0,1,1,0,0,0,0,No,196.82,430,1,1,1,Medium,Medium,9
114.8,4.03,125.23,10,Northeast,15,1,1,0,0,0,0,0,1,0,1,No,123.82,60,1,1,1,Medium,Medium,10
73,4.3,81.14,1,Southeast,16,1,0,0,0,1,0,0,1,1,1,No,76.8,170,1,1,1,Low,Medium,1
229.8,5.62,254.37,2,West,7,0,0,0,0,1,1,0,1,0,1,Yes,254.37,320,0,1,1,Medium,Long,555
130.2,5.98,140.9,6,Southeast,8,1,1,0,0,1,0,0,1,0,0,Yes,140.9,310,1,1,0,Medium,Long,555
92.2,2.95,102.29,3,West,13,1,0,0,0,1,0,0,1,0,1,No,101.5,70,1,1,1,Low,Medium,3
117.6,1.74,130.37,8,Southwest,17,0,0,0,0,1,1,1,1,0,0,No,124.41,160,1,1,1,Medium,Medium,8
249.4,8.07,265.96,8,Mid-west,12,0,1,0,0,1,1,1,0,0,0,No,263.55,150,1,1,1,Medium,Long,8
324.2,9.26,354.26,8,Mid-west,2,0,1,0,0,1,0,0,0,0,0,Yes,354.26,190,1,1,0,High,Long,8
43,1.46,46.25,3,Southwest,24,1,1,0,0,1,0,0,0,1,0,No,45.89,40,1,1,0,Low,Medium,3
178.8,8.81,199.65,10,Northeast,7,0,0,0,0,1,1,0,0,0,1,Yes,199.65,210,0,1,1,Medium,Long,10
299.8,5.9,330.09,10,Southeast,6,0,1,0,0,1,0,0,0,1,1,Yes,330.09,630,1,1,1,Medium,Long,10
377.4,11.06,410.3,1,Southeast,4,0,1,0,0,1,0,0,1,0,1,Yes,410.3,790,1,1,1,High,Long,1
60,1.9,67.57,5,West,14,1,0,0,0,1,1,0,1,0,1,No,63.85,90,1,1,1,Low,Medium,555
248.8,3.5,278.23,4,Northeast,9,1,1,0,1,1,0,0,0,0,0,No,263.75,170,1,1,0,Medium,Medium,555
231.4,8.82,259.09,10,West,12,0,1,0,0,1,1,0,1,0,1,No,235.19,490,1,1,1,Medium,Long,10
79,0.36,87.96,8,Northeast,22,1,1,0,0,1,1,0,0,0,1,No,86.75,50,1,1,1,Low,Quick,8
88.4,7.54,94.81,4,Southeast,16,1,1,0,0,1,0,0,1,1,0,No,94,110,1,1,0,Low,Long,555
244.2,8.64,266.35,7,West,6,0,1,1,0,1,1,0,1,0,1,Yes,266.35,420,1,1,1,Medium,Long,7
164.4,2.85,178.96,2,West,19,0,0,0,0,1,1,0,1,0,0,No,178.31,390,0,1,1,Medium,Medium,555
332.8,10.1,354.73,2,Northeast,3,0,1,0,1,1,0,0,0,0,0,Yes,354.73,430,1,1,0,High,Long,555
68.8,1.17,76.39,5,Mid-west,14,0,1,0,0,1,1,0,0,0,1,No,75.08,100,1,1,1,Low,Medium,555
166.8,4.02,180.94,3,Northeast,10,0,1,0,1,1,1,0,0,0,1,No,180.48,170,1,1,1,Medium,Medium,3
316.4,9.66,332.46,10,Northeast,4,1,1,0,0,1,0,0,0,0,1,Yes,332.46,790,1,1,1,High,Long,10
55.4,0.07,61.05,7,Northeast,21,0,1,0,0,1,0,0,0,0,1,No,57.28,110,1,1,1,Low,Quick,7
162.6,2.2,177.61,7,Northeast,13,1,1,0,0,0,1,0,0,0,1,No,171.43,280,1,0,1,Medium,Medium,7
93,3.52,100.69,5,Northeast,17,1,1,0,0,0,1,0,1,0,1,No,100.37,60,1,1,1,Low,Medium,555
200.2,7.25,223.49,3,Southeast,13,0,1,0,0,0,1,0,0,1,1,No,217.34,280,1,1,1,Medium,Long,3
67.8,1.16,76.06,10,Northeast,18,1,1,0,0,0,1,0,1,1,0,No,72.94,70,1,1,1,Low,Medium,10
110,4.49,123.75,7,West,20,0,0,1,0,1,1,0,1,0,1,No,123.55,140,0,1,1,Medium,Medium,7
220.8,3.2,240.92,9,Southwest,9,0,1,0,0,1,0,1,0,0,1,No,239.99,510,1,1,1,Medium,Medium,9
56.2,3.85,62.71,7,Northeast,20,0,1,0,0,1,1,0,1,0,1,No,60.8,80,1,1,1,Low,Medium,7
158.4,3.29,177.54,1,Southwest,14,0,1,0,0,1,1,0,0,1,0,No,173.26,270,1,1,1,Medium,Medium,1
176.8,5.53,190.77,9,Mid-west,10,0,1,0,0,1,1,1,0,0,1,No,187.28,190,1,1,1,Medium,Long,9
85.4,1.51,93.41,7,Southeast,17,0,1,0,0,1,0,0,1,0,1,No,92.8,50,1,1,1,Low,Medium,7
256.8,8.13,283.65,3,Mid-west,9,0,1,0,0,1,1,0,0,0,1,No,264.68,180,1,1,1,Medium,Long,3
175.2,1.65,195.07,7,Northeast,18,0,1,0,0,1,0,0,1,0,1,No,185.26,440,1,1,1,Medium,Medium,7
95.6,1.81,102.3,4,West,17,0,0,0,0,1,1,0,1,0,1,No,100.67,90,0,1,1,Low,Medium,555
122,2.95,135.63,9,Northeast,17,0,1,0,0,1,1,0,1,0,1,No,129.38,110,1,1,1,Medium,Medium,9
125.6,0.8,140.49,9,Southeast,14,1,1,0,0,0,0,0,1,0,1,No,134.92,60,1,1,1,Medium,Quick,9
187.4,0.68,210.96,10,Southeast,9,1,1,0,0,1,0,0,0,0,1,No,196.64,470,1,1,1,Medium,Quick,10
115.2,4.29,125.24,6,Northeast,13,0,1,0,0,1,1,0,0,0,1,No,123.93,200,1,1,1,Medium,Medium,555
120.4,6.35,135.15,4,Northeast,16,1,1,0,1,1,0,0,1,0,1,No,125.76,170,1,1,1,Medium,Long,555
300.2,6.59,329.01,7,Southwest,5,0,1,0,0,1,1,0,0,1,1,No,325.05,150,1,1,1,High,Long,7
118.2,2.72,131.12,4,Mid-west,12,0,1,0,0,1,1,0,1,0,1,No,124.75,250,1,1,1,Medium,Medium,555
79.4,1.32,86.11,6,Southeast,16,1,1,0,0,1,1,0,1,0,1,No,85.68,130,1,1,1,Low,Medium,555
51.6,0.19,57.47,3,Northeast,22,1,1,0,1,1,1,0,1,0,0,No,55.36,100,1,1,1,Low,Quick,3
97.4,2.06,110.37,3,West,15,1,1,0,0,1,1,0,1,0,1,No,108.49,190,1,1,1,Low,Medium,3
181.4,5.3,205.64,7,Northeast,11,0,1,0,0,1,1,0,0,0,1,No,191.26,220,1,1,1,Medium,Long,7
48.4,6.15,52.57,1,Southwest,18,0,1,0,0,1,1,0,0,1,1,No,50.02,90,1,1,1,Low,Long,1
67.6,1.91,74.86,7,Southeast,19,1,1,0,0,1,0,0,1,0,1,No,72.18,40,1,1,1,Low,Medium,7
286.8,7.72,320.11,5,Southwest,0,0,0,0,0,0,0,0,0,0,0,Yes,320.11,660,0,0,0,Medium,Long,555
78.6,0.1,92.04,9,Mid-west,18,0,1,0,0,1,1,1,1,0,1,No,87.89,90,1,1,1,Low,Quick,9
369,10.95,421.46,8,Southeast,2,0,1,0,0,1,0,0,0,0,0,Yes,421.46,480,1,1,0,High,Long,8
213.8,5.33,237.95,2,West,12,1,1,0,0,1,1,0,0,1,0,No,224.05,150,1,1,1,Medium,Long,555
237.2,5.08,269.06,8,Northeast,6,1,1,0,0,1,1,0,0,0,0,No,263.85,190,1,1,1,Medium,Long,8
111.6,3.16,127.86,4,Northeast,12,0,1,0,1,1,1,0,1,0,0,No,121.49,170,1,1,1,Medium,Medium,555
94,6.26,98.45,5,Southeast,12,0,1,0,0,1,0,0,0,1,1,No,98.34,80,1,1,1,Low,Long,555
156.6,2.52,173.07,6,Northeast,15,0,1,0,0,1,1,0,0,0,0,No,172.02,220,1,1,1,Medium,Medium,555
182,0.13,197.67,2,Northeast,14,0,1,0,1,0,1,0,0,0,1,No,190.52,270,1,0,1,Medium,Quick,555
177.2,5.47,200.94,5,Southeast,9,1,1,0,0,1,0,0,1,1,1,No,187.21,390,1,1,1,Medium,Long,555
212.6,7.99,226.83,3,Southeast,6,1,1,0,0,1,1,0,0,1,1,Yes,226.83,230,1,1,1,Medium,Long,3
210.8,6.38,236.87,10,Southwest,11,0,1,0,0,1,1,1,1,0,1,No,227.36,460,1,1,1,Medium,Long,10
85,6.92,94.27,9,Northeast,17,1,1,0,0,0,0,0,0,0,1,No,93.65,80,1,0,1,Low,Long,9
100,2.9,109.43,6,Southeast,16,1,1,0,0,1,0,0,1,0,1,No,109.08,140,1,1,1,Medium,Medium,555
140,1.75,151.5,6,Mid-west,10,0,0,0,0,1,0,1,0,0,1,No,150.94,150,1,1,1,Medium,Medium,555
210.2,6.42,229.45,7,Mid-west,8,0,1,0,0,1,1,1,1,0,1,No,226.76,320,1,1,1,Medium,Long,7
105.8,0.82,115.14,7,Southwest,14,0,1,0,0,1,1,1,0,0,1,No,113.95,50,1,1,1,Medium,Quick,7
133.4,3.09,148.49,8,Southwest,12,1,1,0,0,1,1,1,0,0,0,No,144.17,130,1,1,1,Medium,Medium,8
160.6,6.09,178.12,6,Southwest,13,0,1,0,0,1,1,1,0,0,1,No,166.53,140,1,1,1,Medium,Long,555
207,5.63,218.96,2,West,6,0,0,0,0,0,0,0,1,0,0,Yes,218.96,430,0,1,0,Medium,Long,555
183.8,6.89,200.18,3,Mid-west,12,1,1,0,0,1,1,0,0,0,1,No,191.73,440,1,1,1,Medium,Long,3
83,1.72,91.09,6,Southeast,16,1,1,0,0,1,0,0,1,0,0,No,88.76,50,1,1,0,Low,Medium,555
93.8,1.4,103.89,5,Northeast,19,0,1,0,0,1,0,0,1,0,1,No,102.5,60,1,1,1,Low,Medium,555
53,3.55,58.51,8,Southeast,18,1,1,0,0,1,0,0,1,0,0,No,54.9,130,1,1,0,Low,Medium,8
190.6,5.53,210.38,10,Southwest,14,1,0,0,0,0,1,1,0,0,1,No,200.13,480,1,0,1,Medium,Long,10
265.6,6.29,292.74,5,West,8,0,1,0,0,1,1,0,0,0,1,No,275.6,320,1,1,1,Medium,Long,555
31,0.28,34.3,3,Southeast,21,1,1,0,0,1,0,0,1,1,0,No,32.85,40,1,1,0,Low,Quick,3
320,13.07,348.97,9,Northeast,13,0,1,0,0,0,1,0,0,0,1,No,343.66,380,1,0,1,High,Long,9
56.8,0.12,64.13,2,Mid-west,21,1,1,0,0,0,0,0,1,0,1,No,62.84,120,1,1,1,Low,Quick,555
46,2.81,50.81,4,Northeast,15,1,1,0,1,1,1,0,1,0,0,No,49.65,120,1,1,1,Low,Medium,555
145.6,6.02,153.49,9,Southeast,15,0,1,0,0,1,0,0,0,0,0,Yes,153.49,70,1,1,0,Medium,Long,9
105.4,1.88,118.42,2,Southwest,22,0,1,0,0,1,1,0,1,1,0,No,114.07,260,1,1,1,Medium,Medium,555
115.6,2.78,128.57,7,Northeast,17,1,1,0,0,1,0,0,1,0,0,No,122.7,70,1,1,0,Medium,Medium,7
144.6,3.37,160.29,5,Southwest,10,0,0,0,0,1,0,0,0,0,1,No,154.35,140,0,1,1,Medium,Medium,555
151.4,1.35,169.18,1,Northeast,9,0,1,0,1,1,1,0,0,0,1,No,162.65,260,1,1,1,Medium,Medium,1
142.2,1.55,157.03,5,Northeast,16,0,1,0,0,1,1,0,0,0,1,No,147.72,160,1,1,1,Medium,Medium,555
459.8,10.86,507.9,7,Northeast,1,0,0,0,0,1,0,0,0,0,0,Yes,507.9,550,0,1,0,High,Long,7
198.8,3.29,212.38,7,Southwest,10,1,0,0,0,1,1,1,0,0,1,No,209.49,260,1,1,1,Medium,Medium,7
160.2,6.61,178.52,6,Northeast,7,0,1,0,0,0,1,0,1,0,0,No,176.27,240,1,1,1,Medium,Long,555
127.2,0.08,136.56,8,Northeast,20,0,0,0,0,1,0,0,0,0,0,No,134.08,250,0,1,0,Medium,Quick,8
118.6,1.87,133.04,4,West,18,0,1,0,0,1,0,0,1,0,1,No,128.93,250,1,1,1,Medium,Medium,555
254.2,5.47,277.89,7,Mid-west,7,1,1,0,0,1,1,1,1,0,0,No,267.14,480,1,1,1,Medium,Long,7
310.6,8.16,328.48,9,Southeast,5,1,0,0,0,0,0,0,0,0,1,Yes,328.48,370,1,0,1,High,Long,9
209.6,5.45,230.8,6,Northeast,5,1,0,0,0,1,1,0,0,0,0,No,218.02,460,1,1,1,Medium,Long,555
194.4,5.15,212.41,4,Northeast,12,1,1,0,1,1,1,0,0,0,1,No,209.03,190,1,1,1,Medium,Long,555
508.2,17.42,564.79,6,Southwest,4,0,1,0,0,1,0,0,0,1,0,No,554.58,510,1,1,0,High,Long,555
431.8,12.41,475.35,6,Southeast,0,0,0,0,0,0,0,0,0,0,0,Yes,475.35,520,0,0,0,High,Long,555
163.8,7.18,180.64,6,Southeast,12,1,1,0,0,1,0,0,0,0,0,No,177.06,110,1,1,0,Medium,Long,555
64.4,1.07,71.25,9,Southwest,17,0,1,0,0,1,0,1,1,0,1,No,68.3,150,1,1,1,Low,Medium,9
171.6,5.1,190.88,3,West,12,1,1,0,0,0,1,0,0,0,1,No,188.29,290,1,0,1,Medium,Long,3
82.4,1.21,90.13,9,Southwest,14,0,0,0,0,1,1,0,1,1,1,No,88.12,110,0,1,1,Low,Medium,9
235.8,3.25,264.53,5,Southwest,8,1,1,0,0,1,1,0,1,1,1,No,248.78,120,1,1,1,Medium,Medium,555
300.8,9.36,336.41,8,Mid-west,5,0,1,0,0,1,1,0,0,0,0,No,314.61,240,1,1,1,High,Long,8
76.4,1.13,80.89,2,Southwest,17,0,1,0,0,1,0,0,1,1,0,No,80.42,170,1,1,0,Low,Medium,555
100.6,0.18,109.64,10,Southeast,14,0,0,0,0,1,0,0,1,0,1,No,107.85,200,0,1,1,Medium,Quick,10
218,6.77,229.75,6,Southeast,6,0,1,0,0,1,0,0,0,0,0,Yes,229.75,520,1,1,0,Medium,Long,555
99.4,1.1,109.87,5,West,15,0,1,0,0,1,1,0,1,0,1,No,106.51,190,1,1,1,Low,Medium,555
181,6.05,200.71,9,West,10,0,1,1,0,0,1,0,0,0,1,Yes,200.71,110,1,0,1,Medium,Long,9
302.2,9.28,337.11,7,Southeast,6,0,1,0,0,1,1,0,0,0,1,No,310.22,270,1,1,1,High,Long,7
158.4,2.2,170.93,9,Northeast,10,1,1,0,0,1,0,0,0,0,1,Yes,170.93,380,1,1,1,Medium,Medium,9
143.6,4.14,159.57,3,Northeast,16,0,1,0,0,1,0,0,0,0,1,No,158.9,320,1,1,1,Medium,Medium,3
68.6,2.01,75.4,2,West,12,1,1,0,0,1,1,0,1,0,1,No,70.22,50,1,1,1,Low,Medium,555
205.2,2.31,229.13,10,Mid-west,12,0,1,0,0,0,0,1,0,0,1,No,222.75,250,1,0,1,Medium,Medium,10
139.6,4.1,164.39,10,West,12,0,1,0,0,0,0,0,0,0,1,No,146.49,170,1,0,1,Medium,Medium,10
124,2.07,137.94,5,Northeast,15,1,1,0,0,1,1,0,1,0,1,No,132.15,310,1,1,1,Medium,Medium,555
220.2,4.41,244.46,5,Southeast,7,1,1,0,0,1,0,0,0,1,1,No,235.17,220,1,1,1,Medium,Medium,555
378.8,13.74,422.13,8,Southeast,1,0,0,0,0,1,0,0,0,0,0,Yes,422.13,230,0,1,0,High,Long,8
138.6,3.25,149.37,2,Northeast,15,0,1,0,1,1,1,0,1,0,0,No,147.21,220,1,1,1,Medium,Medium,555
108,1.75,117.11,7,Southwest,14,0,0,0,0,1,1,0,0,0,1,No,115.72,210,0,1,1,Medium,Medium,7
97.8,2.45,106.71,10,Southeast,17,1,0,0,0,0,1,0,1,0,1,No,105.53,130,1,1,1,Low,Medium,10
137.2,4.78,149.34,6,Southwest,15,1,1,0,0,1,1,1,0,0,0,No,145.53,320,1,1,1,Medium,Medium,555
68.8,1.14,72.84,8,Southwest,18,1,1,0,0,1,1,1,1,1,0,No,70.66,150,1,1,1,Low,Medium,8
123.8,4.45,137.63,1,Northeast,12,0,1,0,1,1,1,0,0,0,1,No,134.89,140,1,1,1,Medium,Medium,1
101.6,5.58,110.95,10,Southwest,15,0,0,0,0,1,1,1,1,0,0,No,109.49,90,1,1,1,Medium,Long,10
137.2,1.04,153.85,5,West,9,0,1,0,0,1,1,0,0,0,1,No,146.23,140,1,1,1,Medium,Medium,555
128.8,3,141.07,3,Southeast,15,1,1,0,0,1,0,0,0,1,1,No,134.78,60,1,1,1,Medium,Medium,3
152.8,5.39,157.66,4,Southeast,7,1,1,0,0,1,1,0,0,1,0,Yes,157.66,110,1,1,1,Medium,Long,555
109.4,0.19,118.73,8,Northeast,17,0,0,0,0,1,0,0,0,0,1,No,114.64,100,0,1,1,Medium,Quick,8
180.4,3.29,193.62,1,Northeast,6,1,1,0,1,1,1,0,0,0,1,No,191.61,410,1,1,1,Medium,Medium,1
102.4,3.17,110.33,6,West,14,0,1,0,0,1,1,0,1,0,0,No,109.9,220,1,1,1,Medium,Medium,555
148.6,7.67,163.95,10,Northeast,13,0,1,0,0,0,1,0,0,1,0,No,161.91,150,1,1,1,Medium,Long,10
120,2.13,133.34,2,West,17,0,1,0,0,0,1,0,1,0,1,No,131.15,230,1,1,1,Medium,Medium,555
230.8,3.48,255.32,10,Southwest,6,0,0,0,0,1,1,1,0,0,1,No,242.89,300,1,1,1,Medium,Medium,10
107.2,3.22,118.64,6,Northeast,15,0,1,0,0,1,0,0,1,0,1,No,114.29,120,1,1,1,Medium,Medium,555
133.6,3.43,150.42,9,West,16,0,0,0,0,0,1,0,0,0,1,No,141.81,290,0,0,1,Medium,Medium,9
372.8,10.23,403.57,1,Northeast,7,1,1,0,1,1,1,0,1,0,1,No,395.76,780,1,1,1,High,Long,1
148,3.33,164.8,6,Southeast,16,0,1,0,0,1,0,0,1,0,1,No,155.9,190,1,1,1,Medium,Medium,555
176.4,4.18,190.94,6,Southeast,11,1,1,0,0,0,0,0,1,0,0,No,182.67,320,1,1,0,Medium,Medium,555
269.8,4.59,309.66,5,West,4,0,0,0,0,1,0,0,0,0,1,No,284.73,620,0,1,1,Medium,Medium,555
103,0.89,111.34,8,Southeast,15,0,0,0,0,1,0,0,1,0,0,No,110.66,250,0,1,0,Medium,Quick,8
138.6,2.54,150.03,9,Northeast,9,0,1,0,0,1,0,0,1,0,1,No,146.61,100,1,1,1,Medium,Medium,9
277.4,3.86,297.87,6,Southeast,4,1,1,0,0,1,0,0,1,0,0,Yes,297.87,220,1,1,0,Medium,Medium,555
203.2,5.29,225.21,7,West,9,0,1,1,0,1,1,0,0,0,1,Yes,225.21,390,1,1,1,Medium,Long,7
166.6,4.94,184.4,4,Southeast,10,1,1,0,0,1,1,0,0,1,0,No,183.07,100,1,1,1,Medium,Medium,555
141.6,6.15,157.81,7,Northeast,15,0,0,0,0,1,0,0,0,0,1,No,147.67,300,0,1,1,Medium,Long,7
209.8,2.78,233.22,9,Northeast,12,0,1,0,0,0,0,0,0,0,1,Yes,233.22,100,1,0,1,Medium,Medium,9
40.2,0.24,44.82,9,Mid-west,20,1,1,0,0,1,1,1,0,0,1,No,41.7,80,1,1,1,Low,Quick,9
249.6,5.56,280.02,10,Southeast,7,0,1,0,0,1,0,0,0,0,1,No,266.13,470,1,1,1,Medium,Long,10
150.6,7.03,168.02,2,West,13,0,0,0,0,1,1,0,0,0,1,No,160.1,360,0,1,1,Medium,Long,555
38.8,4.21,44.53,5,Southeast,16,1,1,0,0,0,1,0,1,1,1,No,41.34,70,1,1,1,Low,Medium,555
79.6,1.48,84.94,8,West,17,0,1,0,0,1,1,0,0,0,1,No,84.42,140,1,1,1,Low,Medium,8
204,5.86,227.94,2,Southeast,12,0,1,0,0,1,0,0,0,1,0,No,217.85,510,1,1,0,Medium,Long,555
162.4,2.85,178.52,2,West,18,0,0,0,0,1,1,0,0,0,1,No,170.95,190,0,1,1,Medium,Medium,555
289.2,7.67,303.58,3,West,1,0,1,0,0,0,0,0,0,0,0,Yes,303.58,580,1,0,0,Medium,Long,3
90.2,6.2,97.99,5,Northeast,10,1,1,0,0,1,1,0,1,1,1,No,95.24,180,1,1,1,Low,Long,555
145.8,4.52,164.65,5,West,13,0,1,0,0,1,1,0,1,0,0,No,154.17,100,1,1,1,Medium,Medium,555
194.2,4.62,223.21,8,West,12,0,0,0,0,1,1,0,0,0,1,No,211.82,250,0,1,1,Medium,Medium,8
45.4,1.05,50.34,8,Southwest,18,0,0,0,0,1,1,1,0,1,0,No,47.69,70,1,1,1,Low,Medium,8
122,0.89,132.54,8,Southeast,12,0,1,0,0,1,1,0,1,0,0,No,129.38,230,1,1,1,Medium,Quick,8
87.6,2.69,96.62,2,Northeast,11,1,1,0,1,1,0,0,1,0,0,No,92.3,180,1,1,0,Low,Medium,555
189,8.65,216.34,5,Southeast,10,1,1,0,0,1,1,0,1,1,1,No,209.97,320,1,1,1,Medium,Long,555
81.8,5.87,90.97,10,West,11,0,0,0,0,1,1,0,1,0,1,No,88.76,200,0,1,1,Low,Long,10
61.6,1.1,66.66,10,West,21,0,1,0,0,1,1,0,1,1,1,No,66.59,30,1,1,1,Low,Medium,10
133.8,1.77,144.28,9,Southeast,12,1,1,0,0,0,1,0,0,0,1,No,139.7,130,1,0,1,Medium,Medium,9
159.2,0.45,174.4,6,Southeast,6,1,1,0,0,1,1,0,0,0,0,No,174.38,80,1,1,1,Medium,Quick,555
158,4.68,180.29,2,Southeast,19,0,1,0,0,1,1,0,0,1,0,No,165.68,300,1,1,1,Medium,Medium,555
457.6,13.3,509.26,1,West,5,0,1,0,0,1,0,0,0,0,1,Yes,509.26,230,1,1,1,High,Long,1
344.8,11.61,380.63,3,Northeast,6,1,1,0,1,1,1,0,0,0,1,No,371.41,170,1,1,1,High,Long,3
100.6,6.78,109.58,1,Northeast,15,0,1,0,1,1,1,0,1,0,1,No,105.77,210,1,1,1,Medium,Long,1
201.6,5.44,213.18,4,Southeast,11,0,1,0,0,1,1,0,0,1,1,No,212.75,260,1,1,1,Medium,Long,555
100.2,2.65,109.11,8,West,14,0,1,0,0,1,1,0,0,0,0,No,105.65,110,1,1,1,Medium,Medium,8
118.2,2.65,128.62,5,West,18,0,1,0,0,1,1,0,1,0,1,No,127.48,80,1,1,1,Medium,Medium,555
44,0.67,49.22,6,Northeast,12,0,1,0,0,1,0,0,1,0,0,No,48.08,70,1,1,0,Low,Quick,555
161.2,8.38,174.02,6,Southeast,8,1,1,0,0,1,1,0,0,0,0,No,172.68,350,1,1,1,Medium,Long,555
72.4,1.96,78.89,3,Southwest,15,1,1,0,0,1,1,0,1,0,1,No,78.52,110,1,1,1,Low,Medium,3
201,5.66,217.83,10,Northeast,6,0,0,0,0,1,1,0,0,0,1,Yes,217.83,280,0,1,1,Medium,Long,10
56.6,2.99,62.24,8,West,21,0,0,0,0,0,1,0,1,0,0,No,58.54,120,0,1,1,Low,Medium,8
193.6,5.55,210.82,8,Mid-west,12,0,1,0,0,1,1,0,0,0,1,No,206.45,350,1,1,1,Medium,Long,8
130.6,0.24,150.92,4,West,14,1,0,0,0,1,0,0,1,0,1,No,136.67,270,1,1,1,Medium,Quick,555
141.6,3.25,154.73,9,Northeast,14,1,1,0,0,0,0,0,0,0,0,Yes,154.73,160,1,0,0,Medium,Medium,9
155.6,3.05,166.64,4,Southeast,14,1,1,0,0,1,1,0,0,1,1,No,166.51,300,1,1,1,Medium,Medium,555
176.2,3.87,202.21,2,Southeast,15,0,1,0,0,1,0,0,0,1,1,No,191.05,300,1,1,1,Medium,Medium,555
121.4,3.74,130.94,5,Southwest,15,0,0,0,0,1,1,0,0,1,1,No,129.86,180,0,1,1,Medium,Medium,555
99.8,2.5,110.42,4,West,11,1,1,0,0,1,1,0,1,0,0,No,107.78,70,1,1,1,Low,Medium,555
123.8,3.11,136.02,7,Northeast,14,0,1,0,0,1,0,0,0,0,0,No,130.49,240,1,1,0,Medium,Medium,7
115.6,2.89,125.13,5,Northeast,13,1,1,0,0,1,0,0,1,0,1,No,123.68,250,1,1,1,Medium,Medium,555
206.6,5.34,220.26,8,Northeast,10,0,1,0,0,1,0,0,0,0,0,Yes,220.26,370,1,1,0,Medium,Long,8
151.2,0.67,162.07,10,West,15,0,1,0,0,1,1,0,0,0,1,No,161.58,300,1,1,1,Medium,Quick,10
89.4,2.75,97.9,1,Northeast,13,1,0,0,1,1,0,0,0,1,1,No,94.85,70,1,1,1,Low,Medium,1
302.2,9.49,323.86,6,West,4,0,1,0,0,1,1,0,0,0,0,No,319.11,660,1,1,1,High,Long,555
109.6,1.11,123.5,8,Northeast,20,0,1,0,0,0,0,0,1,0,1,No,119.24,140,1,1,1,Medium,Medium,8
199.8,6.08,213.37,7,Southwest,10,1,0,0,0,1,1,1,1,0,1,No,208.12,240,1,1,1,Medium,Long,7
152.8,7.13,173.76,10,Southeast,16,1,1,0,0,0,0,0,1,0,1,No,164.7,240,1,1,1,Medium,Long,10
210.2,2.65,234.55,5,Southwest,10,1,1,0,0,0,1,0,0,0,0,No,223.75,320,1,0,1,Medium,Medium,555
312,4.05,345.02,2,Southwest,4,0,1,0,0,1,1,0,0,1,0,Yes,345.02,370,1,1,1,High,Medium,555
182.8,4.21,209.04,4,West,14,1,0,0,0,1,1,0,1,0,1,No,201.21,110,1,1,1,Medium,Medium,555
120.6,4.32,133.75,10,Northeast,16,1,1,0,0,1,0,0,0,0,1,No,129.55,130,1,1,1,Medium,Medium,10
323.4,8.95,348.74,9,Northeast,9,0,1,0,0,0,1,0,0,0,1,Yes,348.74,490,1,0,1,High,Long,9
129.6,0.57,139.55,5,Northeast,14,1,1,0,0,1,0,0,1,0,1,No,138.87,290,1,1,1,Medium,Quick,555
75.2,0.54,82.11,8,West,20,1,1,0,0,1,1,0,1,0,1,No,82.01,80,1,1,1,Low,Quick,8
188.6,6.96,200.39,6,West,9,0,1,0,0,1,1,0,1,0,0,No,196.87,130,1,1,1,Medium,Long,555
109.2,2.91,124.31,6,Southeast,12,1,1,0,0,1,1,0,1,0,1,No,117.66,210,1,1,1,Medium,Medium,555
73.4,0.52,79.73,6,Mid-west,18,1,1,0,0,1,1,0,1,0,1,No,78.75,40,1,1,1,Low,Quick,555
378.4,9.16,428.57,7,Northeast,1,0,1,0,0,0,0,0,0,0,0,Yes,428.57,610,1,0,0,High,Long,7
441,10.86,499.9,3,West,4,0,1,0,0,1,1,0,0,0,1,Yes,499.9,1060,1,1,1,High,Long,3
155,4.51,166.71,10,West,13,1,0,0,0,0,1,0,0,0,1,No,166.33,340,1,0,1,Medium,Medium,10
137.6,5.69,150.56,9,Northeast,13,1,0,0,0,0,0,0,1,0,0,Yes,150.56,80,1,1,0,Medium,Long,9
227.2,5.11,248.44,1,West,10,0,1,1,0,0,1,0,0,0,1,Yes,248.44,390,1,0,1,Medium,Long,1
210.8,6.6,220.4,4,West,10,1,0,0,0,1,1,0,0,0,1,Yes,220.4,130,1,1,1,Medium,Long,555
379.2,9.62,433.38,4,West,1,0,1,0,0,0,0,0,0,0,0,No,410.24,340,1,0,0,High,Long,555
64,0.44,70.91,2,Mid-west,19,0,1,0,0,1,1,0,1,0,0,No,66.46,80,1,1,1,Low,Quick,555
134.2,1.37,143.68,1,Southeast,15,0,1,0,0,1,0,0,0,1,1,No,142.46,160,1,1,1,Medium,Medium,1
218.6,0.65,243.51,9,West,7,0,1,1,0,1,0,0,1,0,0,Yes,243.51,500,1,1,1,Medium,Quick,9
318.4,4.58,344.91,4,West,6,1,1,0,0,1,1,0,0,0,1,No,341.54,640,1,1,1,High,Medium,555
194.2,5.36,215.6,7,Southwest,11,0,1,0,0,1,1,1,0,0,1,No,205.89,210,1,1,1,Medium,Long,7
192.8,1.06,208.75,9,Southeast,5,1,1,0,0,0,1,0,1,0,1,No,198.3,120,1,1,1,Medium,Medium,9
192.6,8.12,210.12,10,Mid-west,8,1,1,0,0,0,1,1,0,0,1,No,201.67,190,1,0,1,Medium,Long,10
70.8,2.74,77.25,5,Mid-west,18,0,1,0,0,1,1,0,1,1,1,No,75.44,150,1,1,1,Low,Medium,555
145.8,6.29,156.81,3,Northeast,13,0,1,0,1,1,0,0,0,0,1,Yes,156.81,230,1,1,1,Medium,Long,3
115.2,3.66,126.78,9,West,14,0,1,1,0,0,1,0,1,0,1,No,123.79,140,1,1,1,Medium,Medium,9
117.8,0.51,133.1,2,Northeast,16,1,1,0,1,1,1,0,0,0,1,No,121.23,120,1,1,1,Medium,Quick,555
208.4,5.39,229.17,8,Mid-west,13,0,1,0,0,1,0,0,0,0,1,No,217.1,440,1,1,1,Medium,Long,8
225.8,5.84,253.47,7,Southwest,10,0,0,0,0,1,1,1,0,1,1,No,245.94,560,1,1,1,Medium,Long,7
170,8.83,182.2,1,Southwest,16,0,1,0,0,1,1,0,0,1,1,No,179.56,100,1,1,1,Medium,Long,1
59.8,1.73,66.79,9,Southwest,14,0,0,0,0,1,1,0,1,0,1,No,63.14,140,0,1,1,Low,Medium,9
122,3.88,133.77,7,Mid-west,15,0,1,0,0,1,1,1,1,0,0,No,127.2,180,1,1,1,Medium,Medium,7
203,9.34,219.49,10,Southeast,4,0,1,0,0,1,1,0,0,0,1,Yes,219.49,140,1,1,1,Medium,Long,10
216.8,7.7,239.35,5,Northeast,17,0,1,0,0,1,0,0,0,0,1,No,229.09,330,1,1,1,Medium,Long,555
48.2,0.91,52.83,7,West,17,1,0,1,0,0,1,0,1,0,1,No,51.47,30,1,1,1,Low,Quick,7
126,0.63,136.99,9,Northeast,17,0,1,0,0,1,0,0,1,1,1,No,131.68,80,1,1,1,Medium,Quick,9
155.8,2.45,174.73,9,Southeast,13,0,1,0,0,1,0,0,0,0,1,No,163.45,360,1,1,1,Medium,Medium,9
30,0.27,32.26,4,Southwest,11,0,1,0,0,1,1,0,1,1,0,No,32.07,30,1,1,1,Low,Quick,555
223,4.74,244.74,7,Southeast,9,1,1,0,0,1,0,0,0,0,1,No,243.61,450,1,1,1,Medium,Medium,7
96.4,1.86,109.52,8,West,11,0,0,0,0,1,1,0,1,0,1,No,107.11,160,0,1,1,Low,Medium,8
94.2,1.47,105.76,8,West,17,0,0,0,0,1,1,0,1,0,0,No,100.74,100,0,1,1,Low,Medium,8
114.2,3.23,125.78,2,Southwest,14,0,0,0,0,0,1,0,1,1,1,No,122.29,150,0,1,1,Medium,Medium,555
238.2,8.38,257.69,3,Northeast,7,1,1,0,1,0,1,0,0,0,1,Yes,257.69,400,1,0,1,Medium,Long,3
164.4,4.77,176.76,7,Northeast,10,0,1,0,0,1,1,0,0,0,1,Yes,176.76,280,1,1,1,Medium,Medium,7
80.8,3.2,88.47,10,West,16,1,1,0,0,1,1,0,1,0,1,No,83.89,40,1,1,1,Low,Medium,10
73.4,0.45,80.16,3,West,18,1,1,0,0,1,1,0,0,0,1,No,78.62,40,1,1,1,Low,Quick,3
292,6.49,313.66,3,Southwest,11,0,1,0,0,0,0,0,0,0,1,No,305.28,530,1,0,1,Medium,Long,3
107.8,0.03,119.67,7,Northeast,19,0,0,0,0,1,0,0,1,0,1,No,111.26,240,0,1,1,Medium,Quick,7
112,3.81,123.17,3,West,15,0,1,0,0,1,1,0,1,1,1,No,121.6,240,1,1,1,Medium,Medium,3
151.2,1.69,166.82,6,Southeast,16,0,1,0,0,0,0,0,0,0,0,No,166.44,170,1,0,0,Medium,Medium,555
152.8,0.96,165.89,8,Southeast,13,0,0,0,0,1,0,0,0,0,0,Yes,165.89,240,0,1,0,Medium,Quick,8
27.4,0.01,30.16,5,Northeast,16,1,1,0,0,0,0,0,1,0,0,No,28.42,60,1,1,0,Low,Quick,555
144.8,3.75,157.51,8,Mid-west,5,0,0,0,0,1,0,1,1,0,1,Yes,157.51,200,1,1,1,Medium,Medium,8
170.4,9.61,191.55,9,Mid-west,14,0,1,0,0,0,0,0,0,1,1,No,181.59,410,1,1,1,Medium,Long,9
126.2,4.29,138.53,9,West,14,0,0,1,0,0,1,0,0,0,1,No,136.57,250,0,0,1,Medium,Medium,9
112.4,1.99,126.73,10,Northeast,14,1,1,0,0,1,1,0,1,0,0,No,119.1,220,1,1,1,Medium,Medium,10
109.6,4.62,120.07,1,Southeast,11,1,1,0,0,1,0,0,1,1,1,No,113.12,100,1,1,1,Medium,Medium,1
136.6,7.44,147.02,7,West,13,0,1,1,0,1,1,0,0,0,1,No,146.99,180,1,1,1,Medium,Long,7
253,4.58,271.55,10,West,1,0,0,0,0,0,0,0,0,0,1,Yes,271.55,180,0,0,1,Medium,Medium,10
104.6,3.44,114.37,3,Southwest,18,0,1,0,0,1,1,0,1,1,1,No,114.22,250,1,1,1,Medium,Medium,3
95.4,7.23,104.39,10,Southeast,8,1,1,0,0,0,0,0,1,0,1,Yes,104.39,80,1,1,1,Low,Long,10
98.8,0.39,107.84,9,West,15,0,1,1,0,1,1,0,1,0,1,No,105.65,120,1,1,1,Low,Quick,9
257.8,6.68,279.98,6,Mid-west,10,1,1,0,0,1,1,1,0,1,0,No,270.92,440,1,1,1,Medium,Long,555
